month,agent_code,agent_name,demanda_comercial_kwh
2022-01-01,EPMC,EMPRESAS PUBLICAS DE MEDELLIN E.S.P.,980279235.92
2022-01-01,CDSC,CODENSA S.A. E.S.P.,865854752.9
2022-01-01,CMMC,CARIBEMAR DE LA COSTA S.A.S. E.S.P.,712536418.56
2022-01-01,CSSC,AIR- E S.A.S. E.S.P.,655266263.87
2022-01-01,ISGC,ISAGEN S.A. E.S.P.,344172017.42
2022-01-01,EPSC,CELSIA COLOMBIA S.A. E.S.P.,335795584.18
2022-01-01,ENDC,ENEL COLOMBIA SA ESP,328944123.6
2022-01-01,EMIC,EMPRESAS MUNICIPALES DE CALI E.I.C.E. E.S.P.,255579913.73
2022-01-01,ESSC,ELECTRIFICADORA DE SANTANDER S.A. E.S.P.,190576940.06
2022-01-01,CNSC,CENTRALES ELECTRICAS DEL NORTE DE SANTANDER S.A. E.S.P.,127451390.72
2022-01-01,GNCC,VATIA S.A. E.S.P.,115427339.33
2022-01-01,SOEC,COREX ENERGY S.A.S. E.S.P.,112215123.54
2022-01-01,EMSC,ELECTRIFICADORA DEL META S.A. E.S.P.,101574750.79
2022-01-01,HLAC,ELECTRIFICADORA DEL HUILA S.A. E.S.P.,86221966.23
2022-01-01,CHCC,CENTRAL HIDROELECTRICA DE CALDAS S.A. E.S.P. BENEFICIO E INTERES COLECTIVO,82668290.66
2022-01-01,EBSC,EMPRESA DE ENERGIA DE BOYACA S.A. E.S.P.,79019373.13
2022-01-01,EEPC,EMPRESA DE ENERGIA DE PEREIRA S.A. E.S.P.,66810020.98
2022-01-01,CNCC,CNCC,11996231.52
2022-01-01,GECC,GENERADORA Y COMERCIALIZADORA DE ENERGIA DEL CARIBE S.A. E.S.P.,469071.82
2022-02-01,EPMC,EMPRESAS PUBLICAS DE MEDELLIN E.S.P.,934810895.69
2022-02-01,CDSC,CODENSA S.A. E.S.P.,822108709.99
2022-02-01,CMMC,CARIBEMAR DE LA COSTA S.A.S. E.S.P.,660905801.74
2022-02-01,CSSC,AIR- E S.A.S. E.S.P.,613245122.62
2022-02-01,ENDC,ENEL COLOMBIA SA ESP,351976986.4
2022-02-01,ISGC,ISAGEN S.A. E.S.P.,319880140.82
2022-02-01,EPSC,CELSIA COLOMBIA S.A. E.S.P.,307336227.25
2022-02-01,EMIC,EMPRESAS MUNICIPALES DE CALI E.I.C.E. E.S.P.,238110404.22
2022-02-01,ESSC,ELECTRIFICADORA DE SANTANDER S.A. E.S.P.,177022063.96
2022-02-01,CNSC,CENTRALES ELECTRICAS DEL NORTE DE SANTANDER S.A. E.S.P.,115938765.37
2022-02-01,GNCC,VATIA S.A. E.S.P.,111046880.33
2022-02-01,SOEC,COREX ENERGY S.A.S. E.S.P.,92919390.54
2022-02-01,EMSC,ELECTRIFICADORA DEL META S.A. E.S.P.,91725811.46
2022-02-01,HLAC,ELECTRIFICADORA DEL HUILA S.A. E.S.P.,78353308.83
2022-02-01,CHCC,CENTRAL HIDROELECTRICA DE CALDAS S.A. E.S.P. BENEFICIO E INTERES COLECTIVO,75484272.84
2022-02-01,EBSC,EMPRESA DE ENERGIA DE BOYACA S.A. E.S.P.,71520250.62
2022-02-01,EEPC,EMPRESA DE ENERGIA DE PEREIRA S.A. E.S.P.,62427236.22
2022-02-01,CNCC,CNCC,8554739.63
2022-02-01,GECC,GENERADORA Y COMERCIALIZADORA DE ENERGIA DEL CARIBE S.A. E.S.P.,553490.39
2022-03-01,EPMC,EMPRESAS PUBLICAS DE MEDELLIN E.S.P.,1026025878.42
2022-03-01,CDSC,CODENSA S.A. E.S.P.,915161912.54
2022-03-01,CMMC,CARIBEMAR DE LA COSTA S.A.S. E.S.P.,742355146.11
2022-03-01,CSSC,AIR- E S.A.S. E.S.P.,696407545.66
2022-03-01,ENDC,ENEL COLOMBIA SA ESP,385723654.58
2022-03-01,ISGC,ISAGEN S.A. E.S.P.,342727503.36
2022-03-01,EPSC,CELSIA COLOMBIA S.A. E.S.P.,338848837.24
2022-03-01,EMIC,EMPRESAS MUNICIPALES DE CALI E.I.C.E. E.S.P.,263056005.98
2022-03-01,ESSC,ELECTRIFICADORA DE SANTANDER S.A. E.S.P.,195421279.03
2022-03-01,CNSC,CENTRALES ELECTRICAS DEL NORTE DE SANTANDER S.A. E.S.P.,133384697.58
2022-03-01,GNCC,VATIA S.A. E.S.P.,123679871.45
2022-03-01,SOEC,COREX ENERGY S.A.S. E.S.P.,102274603.18
2022-03-01,EMSC,ELECTRIFICADORA DEL META S.A. E.S.P.,99957714.2
2022-03-01,HLAC,ELECTRIFICADORA DEL HUILA S.A. E.S.P.,85671005.54
2022-03-01,CHCC,CENTRAL HIDROELECTRICA DE CALDAS S.A. E.S.P. BENEFICIO E INTERES COLECTIVO,83358840.38
2022-03-01,EBSC,EMPRESA DE ENERGIA DE BOYACA S.A. E.S.P.,78907844.19
2022-03-01,EEPC,EMPRESA DE ENERGIA DE PEREIRA S.A. E.S.P.,69479426.26
2022-03-01,CNCC,CNCC,540689.69
2022-03-01,GECC,GENERADORA Y COMERCIALIZADORA DE ENERGIA DEL CARIBE S.A. E.S.P.,526904.81
2022-04-01,ENDC,ENEL COLOMBIA SA ESP,1236428685.75
2022-04-01,EPMC,EMPRESAS PUBLICAS DE MEDELLIN E.S.P.,983001712.63
2022-04-01,CMMC,CARIBEMAR DE LA COSTA S.A.S. E.S.P.,704513395.59
2022-04-01,CSSC,AIR- E S.A.S. E.S.P.,683881375.3
2022-04-01,ISGC,ISAGEN S.A. E.S.P.,341665283.59
2022-04-01,EPSC,CELSIA COLOMBIA S.A. E.S.P.,325943746.94
2022-04-01,EMIC,EMPRESAS MUNICIPALES DE CALI E.I.C.E. E.S.P.,252578452.68
2022-04-01,ESSC,ELECTRIFICADORA DE SANTANDER S.A. E.S.P.,184574688.49
2022-04-01,CNSC,CENTRALES ELECTRICAS DEL NORTE DE SANTANDER S.A. E.S.P.,132033431.57
2022-04-01,GNCC,VATIA S.A. E.S.P.,117758355.58
2022-04-01,SOEC,COREX ENERGY S.A.S. E.S.P.,106705998.14
2022-04-01,EMSC,ELECTRIFICADORA DEL META S.A. E.S.P.,93611467.76
2022-04-01,HLAC,ELECTRIFICADORA DEL HUILA S.A. E.S.P.,84169196.14
2022-04-01,CHCC,CENTRAL HIDROELECTRICA DE CALDAS S.A. E.S.P. BENEFICIO E INTERES COLECTIVO,80466775.44
2022-04-01,EBSC,EMPRESA DE ENERGIA DE BOYACA S.A. E.S.P.,76152850.41
2022-04-01,EEPC,EMPRESA DE ENERGIA DE PEREIRA S.A. E.S.P.,65481089.55
2022-04-01,CNCC,CNCC,3756579.27
2022-04-01,GECC,GENERADORA Y COMERCIALIZADORA DE ENERGIA DEL CARIBE S.A. E.S.P.,458775.58
2022-05-01,ENDC,ENEL COLOMBIA SA ESP,1296678857.79
2022-05-01,EPMC,EMPRESAS PUBLICAS DE MEDELLIN E.S.P.,1036989557.92
2022-05-01,CMMC,CARIBEMAR DE LA COSTA S.A.S. E.S.P.,738995048.48
2022-05-01,CSSC,AIR- E S.A.S. E.S.P.,730750606.4
2022-05-01,ISGC,ISAGEN S.A. E.S.P.,346321226.32
2022-05-01,EPSC,CELSIA COLOMBIA S.A. E.S.P.,340366104.05
2022-05-01,EMIC,EMPRESAS MUNICIPALES DE CALI E.I.C.E. E.S.P.,266636214.16
2022-05-01,ESSC,ELECTRIFICADORA DE SANTANDER S.A. E.S.P.,193087505.28
2022-05-01,CNSC,CENTRALES ELECTRICAS DEL NORTE DE SANTANDER S.A. E.S.P.,142295915.07
2022-05-01,GNCC,VATIA S.A. E.S.P.,126763687.36
2022-05-01,SOEC,COREX ENERGY S.A.S. E.S.P.,100638907.51
2022-05-01,EMSC,ELECTRIFICADORA DEL META S.A. E.S.P.,94295713.2
2022-05-01,HLAC,ELECTRIFICADORA DEL HUILA S.A. E.S.P.,86971464.32000001
2022-05-01,CHCC,CENTRAL HIDROELECTRICA DE CALDAS S.A. E.S.P. BENEFICIO E INTERES COLECTIVO,83657810.29
2022-05-01,EBSC,EMPRESA DE ENERGIA DE BOYACA S.A. E.S.P.,78590510.81
2022-05-01,EEPC,EMPRESA DE ENERGIA DE PEREIRA S.A. E.S.P.,68733168.84
2022-05-01,CNCC,CNCC,1702232.39
2022-05-01,GECC,GENERADORA Y COMERCIALIZADORA DE ENERGIA DEL CARIBE S.A. E.S.P.,445507.31
2022-06-01,ENDC,ENEL COLOMBIA SA ESP,1263174416.59
2022-06-01,EPMC,EMPRESAS PUBLICAS DE MEDELLIN E.S.P.,983521200.48
2022-06-01,CMMC,CARIBEMAR DE LA COSTA S.A.S. E.S.P.,669697590.12
2022-06-01,CSSC,AIR- E S.A.S. E.S.P.,663706684.28
2022-06-01,ISGC,ISAGEN S.A. E.S.P.,336266501.94
2022-06-01,EPSC,CELSIA COLOMBIA S.A. E.S.P.,319416642.14
2022-06-01,EMIC,EMPRESAS MUNICIPALES DE CALI E.I.C.E. E.S.P.,245723322.6
2022-06-01,ESSC,ELECTRIFICADORA DE SANTANDER S.A. E.S.P.,177536800.0
2022-06-01,CNSC,CENTRALES ELECTRICAS DEL NORTE DE SANTANDER S.A. E.S.P.,130649623.04
2022-06-01,GNCC,VATIA S.A. E.S.P.,119592422.48
2022-06-01,SOEC,COREX ENERGY S.A.S. E.S.P.,103451974.98
2022-06-01,EMSC,ELECTRIFICADORA DEL META S.A. E.S.P.,87765375.55
2022-06-01,HLAC,ELECTRIFICADORA DEL HUILA S.A. E.S.P.,83865734.35
2022-06-01,CHCC,CENTRAL HIDROELECTRICA DE CALDAS S.A. E.S.P. BENEFICIO E INTERES COLECTIVO,79890162.48
2022-06-01,EBSC,EMPRESA DE ENERGIA DE BOYACA S.A. E.S.P.,76097872.25
2022-06-01,EEPC,EMPRESA DE ENERGIA DE PEREIRA S.A. E.S.P.,64118752.3
2022-06-01,CNCC,CNCC,952195.1
2022-06-01,GECC,GENERADORA Y COMERCIALIZADORA DE ENERGIA DEL CARIBE S.A. E.S.P.,413152.1
2022-07-01,ENDC,ENEL COLOMBIA SA ESP,1305960435.83
2022-07-01,EPMC,EMPRESAS PUBLICAS DE MEDELLIN E.S.P.,1024636966.4
2022-07-01,CMMC,CARIBEMAR DE LA COSTA S.A.S. E.S.P.,735173299.73
2022-07-01,CSSC,AIR- E S.A.S. E.S.P.,728190998.35
2022-07-01,ISGC,ISAGEN S.A. E.S.P.,367573460.24
2022-07-01,EPSC,CELSIA COLOMBIA S.A. E.S.P.,340509321.85
2022-07-01,EMIC,EMPRESAS MUNICIPALES DE CALI E.I.C.E. E.S.P.,259673253.75
2022-07-01,ESSC,ELECTRIFICADORA DE SANTANDER S.A. E.S.P.,189089411.39
2022-07-01,CNSC,CENTRALES ELECTRICAS DEL NORTE DE SANTANDER S.A. E.S.P.,139303153.36
2022-07-01,GNCC,VATIA S.A. E.S.P.,127698871.98
2022-07-01,SOEC,COREX ENERGY S.A.S. E.S.P.,104403583.02
2022-07-01,EMSC,ELECTRIFICADORA DEL META S.A. E.S.P.,94790548.41
2022-07-01,HLAC,ELECTRIFICADORA DEL HUILA S.A. E.S.P.,87487521.99
2022-07-01,CHCC,CENTRAL HIDROELECTRICA DE CALDAS S.A. E.S.P. BENEFICIO E INTERES COLECTIVO,83425175.52
2022-07-01,EBSC,EMPRESA DE ENERGIA DE BOYACA S.A. E.S.P.,78866826.37
2022-07-01,EEPC,EMPRESA DE ENERGIA DE PEREIRA S.A. E.S.P.,67244377.91
2022-07-01,CNCC,CNCC,6007133.47
2022-07-01,GECC,GENERADORA Y COMERCIALIZADORA DE ENERGIA DEL CARIBE S.A. E.S.P.,453198.4
2022-08-01,ENDC,ENEL COLOMBIA SA ESP,1338913379.01
2022-08-01,EPMC,EMPRESAS PUBLICAS DE MEDELLIN E.S.P.,1032904371.76
2022-08-01,CMMC,CARIBEMAR DE LA COSTA S.A.S. E.S.P.,714600525.16
2022-08-01,CSSC,AIR- E S.A.S. E.S.P.,714531564.24
2022-08-01,ISGC,ISAGEN S.A. E.S.P.,358480050.27
2022-08-01,EPSC,CELSIA COLOMBIA S.A. E.S.P.,346278757.62
2022-08-01,EMIC,EMPRESAS MUNICIPALES DE CALI E.I.C.E. E.S.P.,268409471.98
2022-08-01,ESSC,ELECTRIFICADORA DE SANTANDER S.A. E.S.P.,189353650.45
2022-08-01,CNSC,CENTRALES ELECTRICAS DEL NORTE DE SANTANDER S.A. E.S.P.,143700223.23
2022-08-01,GNCC,VATIA S.A. E.S.P.,131096930.83
2022-08-01,SOEC,COREX ENERGY S.A.S. E.S.P.,104270240.93
2022-08-01,EMSC,ELECTRIFICADORA DEL META S.A. E.S.P.,98829519.62
2022-08-01,HLAC,ELECTRIFICADORA DEL HUILA S.A. E.S.P.,90460078.07
2022-08-01,CHCC,CENTRAL HIDROELECTRICA DE CALDAS S.A. E.S.P. BENEFICIO E INTERES COLECTIVO,83804710.82000001
2022-08-01,EBSC,EMPRESA DE ENERGIA DE BOYACA S.A. E.S.P.,79911479.66
2022-08-01,EEPC,EMPRESA DE ENERGIA DE PEREIRA S.A. E.S.P.,68959780.5
2022-08-01,CNCC,CNCC,3682884.02
2022-08-01,GECC,GENERADORA Y COMERCIALIZADORA DE ENERGIA DEL CARIBE S.A. E.S.P.,602161.43
2022-09-01,ENDC,ENEL COLOMBIA SA ESP,1293765793.52
2022-09-01,EPMC,EMPRESAS PUBLICAS DE MEDELLIN E.S.P.,1003316844.33
2022-09-01,CMMC,CARIBEMAR DE LA COSTA S.A.S. E.S.P.,676479984.03
2022-09-01,CSSC,AIR- E S.A.S. E.S.P.,671355532.77
2022-09-01,ISGC,ISAGEN S.A. E.S.P.,349136863.44
2022-09-01,EPSC,CELSIA COLOMBIA S.A. E.S.P.,336665922.09
2022-09-01,GECC,GENERADORA Y COMERCIALIZADORA DE ENERGIA DEL CARIBE S.A. E.S.P.,280884655.69
2022-09-01,EMIC,EMPRESAS MUNICIPALES DE CALI E.I.C.E. E.S.P.,261610898.3
2022-09-01,ESSC,ELECTRIFICADORA DE SANTANDER S.A. E.S.P.,181855144.24
2022-09-01,CNSC,CENTRALES ELECTRICAS DEL NORTE DE SANTANDER S.A. E.S.P.,139359710.84
2022-09-01,GNCC,VATIA S.A. E.S.P.,128669815.65
2022-09-01,EMSC,ELECTRIFICADORA DEL META S.A. E.S.P.,95956364.08
2022-09-01,HLAC,ELECTRIFICADORA DEL HUILA S.A. E.S.P.,86414107.71
2022-09-01,SOEC,COREX ENERGY S.A.S. E.S.P.,83753938.16
2022-09-01,CHCC,CENTRAL HIDROELECTRICA DE CALDAS S.A. E.S.P. BENEFICIO E INTERES COLECTIVO,81746599.49
2022-09-01,EBSC,EMPRESA DE ENERGIA DE BOYACA S.A. E.S.P.,77308323.23
2022-09-01,EEPC,EMPRESA DE ENERGIA DE PEREIRA S.A. E.S.P.,66645508.9
2022-09-01,CNCC,CNCC,37002051.38
2022-10-01,ENDC,ENEL COLOMBIA SA ESP,1327057002.81
2022-10-01,EPMC,EMPRESAS PUBLICAS DE MEDELLIN E.S.P.,1019952306.59
2022-10-01,CMMC,CARIBEMAR DE LA COSTA S.A.S. E.S.P.,694399984.36
2022-10-01,CSSC,AIR- E S.A.S. E.S.P.,681682952.9
2022-10-01,ISGC,ISAGEN S.A. E.S.P.,352825014.15
2022-10-01,EPSC,CELSIA COLOMBIA S.A. E.S.P.,335638256.68
2022-10-01,GECC,GENERADORA Y COMERCIALIZADORA DE ENERGIA DEL CARIBE S.A. E.S.P.,291355874.3
2022-10-01,EMIC,EMPRESAS MUNICIPALES DE CALI E.I.C.E. E.S.P.,260469124.73
2022-10-01,ESSC,ELECTRIFICADORA DE SANTANDER S.A. E.S.P.,184764078.89
2022-10-01,CNSC,CENTRALES ELECTRICAS DEL NORTE DE SANTANDER S.A. E.S.P.,139400472.06
2022-10-01,GNCC,VATIA S.A. E.S.P.,129895357.66
2022-10-01,SOEC,COREX ENERGY S.A.S. E.S.P.,106864131.57000001
2022-10-01,EMSC,ELECTRIFICADORA DEL META S.A. E.S.P.,100218761.85
2022-10-01,HLAC,ELECTRIFICADORA DEL HUILA S.A. E.S.P.,87693863.97
2022-10-01,CHCC,CENTRAL HIDROELECTRICA DE CALDAS S.A. E.S.P. BENEFICIO E INTERES COLECTIVO,84312846.06
2022-10-01,CNCC,CNCC,80479877.45
2022-10-01,EBSC,EMPRESA DE ENERGIA DE BOYACA S.A. E.S.P.,79975131.83
2022-10-01,EEPC,EMPRESA DE ENERGIA DE PEREIRA S.A. E.S.P.,68538795.58
2022-11-01,ENDC,ENEL COLOMBIA SA ESP,1297196685.23
2022-11-01,EPMC,EMPRESAS PUBLICAS DE MEDELLIN E.S.P.,992690862.49
2022-11-01,CMMC,CARIBEMAR DE LA COSTA S.A.S. E.S.P.,656870543.88
2022-11-01,CSSC,AIR- E S.A.S. E.S.P.,639625612.11
2022-11-01,ISGC,ISAGEN S.A. E.S.P.,345879427.99
2022-11-01,EPSC,CELSIA COLOMBIA S.A. E.S.P.,322511594.79
2022-11-01,EMIC,EMPRESAS MUNICIPALES DE CALI E.I.C.E. E.S.P.,252684890.03
2022-11-01,GECC,GENERADORA Y COMERCIALIZADORA DE ENERGIA DEL CARIBE S.A. E.S.P.,246455961.69
2022-11-01,ESSC,ELECTRIFICADORA DE SANTANDER S.A. E.S.P.,180771197.65
2022-11-01,CNCC,CNCC,134724789.31
2022-11-01,CNSC,CENTRALES ELECTRICAS DEL NORTE DE SANTANDER S.A. E.S.P.,131512758.91
2022-11-01,GNCC,VATIA S.A. E.S.P.,127230714.67
2022-11-01,SOEC,COREX ENERGY S.A.S. E.S.P.,107070272.4
2022-11-01,EMSC,ELECTRIFICADORA DEL META S.A. E.S.P.,95799636.88
2022-11-01,HLAC,ELECTRIFICADORA DEL HUILA S.A. E.S.P.,85128909.18
2022-11-01,CHCC,CENTRAL HIDROELECTRICA DE CALDAS S.A. E.S.P. BENEFICIO E INTERES COLECTIVO,81696865.13
2022-11-01,EBSC,EMPRESA DE ENERGIA DE BOYACA S.A. E.S.P.,78005436.09
2022-11-01,EEPC,EMPRESA DE ENERGIA DE PEREIRA S.A. E.S.P.,67278932.32
2022-12-01,ENDC,ENEL COLOMBIA SA ESP,1295198756.46
2022-12-01,EPMC,EMPRESAS PUBLICAS DE MEDELLIN E.S.P.,996698242.21
2022-12-01,CMMC,CARIBEMAR DE LA COSTA S.A.S. E.S.P.,703323836.67
2022-12-01,CSSC,AIR- E S.A.S. E.S.P.,661995825.99
2022-12-01,ISGC,ISAGEN S.A. E.S.P.,340446973.07
2022-12-01,EPSC,CELSIA COLOMBIA S.A. E.S.P.,330511601.39
2022-12-01,EMIC,EMPRESAS MUNICIPALES DE CALI E.I.C.E. E.S.P.,261248478.19
2022-12-01,GECC,GENERADORA Y COMERCIALIZADORA DE ENERGIA DEL CARIBE S.A. E.S.P.,248358905.34
2022-12-01,ESSC,ELECTRIFICADORA DE SANTANDER S.A. E.S.P.,191527021.3
2022-12-01,CNCC,CNCC,184279700.88
2022-12-01,CNSC,CENTRALES ELECTRICAS DEL NORTE DE SANTANDER S.A. E.S.P.,131242212.41
2022-12-01,GNCC,VATIA S.A. E.S.P.,129654193.18
2022-12-01,SOEC,COREX ENERGY S.A.S. E.S.P.,116492965.67999999
2022-12-01,EMSC,ELECTRIFICADORA DEL META S.A. E.S.P.,103793335.84
2022-12-01,HLAC,ELECTRIFICADORA DEL HUILA S.A. E.S.P.,89445288.57
2022-12-01,CHCC,CENTRAL HIDROELECTRICA DE CALDAS S.A. E.S.P. BENEFICIO E INTERES COLECTIVO,85133113.42999999
2022-12-01,EBSC,EMPRESA DE ENERGIA DE BOYACA S.A. E.S.P.,82500419.33
2022-12-01,EEPC,EMPRESA DE ENERGIA DE PEREIRA S.A. E.S.P.,69045552.68
2023-01-01,ENDC,ENEL COLOMBIA SA ESP,1266611524.23
2023-01-01,EPMC,EMPRESAS PUBLICAS DE MEDELLIN E.S.P.,958326496.24
2023-01-01,CMMC,CARIBEMAR DE LA COSTA S.A.S. E.S.P.,683499812.56
2023-01-01,CSSC,AIR- E S.A.S. E.S.P.,669533745.66
2023-01-01,ISGC,ISAGEN S.A. E.S.P.,342175538.93
2023-01-01,EPSC,CELSIA COLOMBIA S.A. E.S.P.,328511316.16
2023-01-01,CNCC,CNCC,308305545.39
2023-01-01,GECC,GENERADORA Y COMERCIALIZADORA DE ENERGIA DEL CARIBE S.A. E.S.P.,275787650.86
2023-01-01,EMIC,EMPRESAS MUNICIPALES DE CALI E.I.C.E. E.S.P.,252888942.85
2023-01-01,ESSC,ELECTRIFICADORA DE SANTANDER S.A. E.S.P.,186263850.06
2023-01-01,CNSC,CENTRALES ELECTRICAS DEL NORTE DE SANTANDER S.A. E.S.P.,127586691.95
2023-01-01,GNCC,VATIA S.A. E.S.P.,125818025.72
2023-01-01,SOEC,COREX ENERGY S.A.S. E.S.P.,115665132.34
2023-01-01,EMSC,ELECTRIFICADORA DEL META S.A. E.S.P.,101371593.42
2023-01-01,HLAC,ELECTRIFICADORA DEL HUILA S.A. E.S.P.,85216927.86
2023-01-01,EBSC,EMPRESA DE ENERGIA DE BOYACA S.A. E.S.P.,84287524.32
2023-01-01,CHCC,CENTRAL HIDROELECTRICA DE CALDAS S.A. E.S.P. BENEFICIO E INTERES COLECTIVO,83377617.14
2023-01-01,EEPC,EMPRESA DE ENERGIA DE PEREIRA S.A. E.S.P.,68875862.5
2023-02-01,ENDC,ENEL COLOMBIA SA ESP,1199483273.2
2023-02-01,EPMC,EMPRESAS PUBLICAS DE MEDELLIN E.S.P.,923103616.05
2023-02-01,CMMC,CARIBEMAR DE LA COSTA S.A.S. E.S.P.,633944307.68
2023-02-01,CSSC,AIR- E S.A.S. E.S.P.,590166051.97
2023-02-01,ISGC,ISAGEN S.A. E.S.P.,324101967.16
2023-02-01,EPSC,CELSIA COLOMBIA S.A. E.S.P.,315757757.96
2023-02-01,EMIC,EMPRESAS MUNICIPALES DE CALI E.I.C.E. E.S.P.,249315266.02
2023-02-01,GECC,GENERADORA Y COMERCIALIZADORA DE ENERGIA DEL CARIBE S.A. E.S.P.,232342953.97
2023-02-01,CNCC,CNCC,207134395.35
2023-02-01,ESSC,ELECTRIFICADORA DE SANTANDER S.A. E.S.P.,180369476.76
2023-02-01,CNSC,CENTRALES ELECTRICAS DEL NORTE DE SANTANDER S.A. E.S.P.,121336620.78
2023-02-01,GNCC,VATIA S.A. E.S.P.,120995018.28
2023-02-01,SOEC,COREX ENERGY S.A.S. E.S.P.,100620585.18
2023-02-01,EMSC,ELECTRIFICADORA DEL META S.A. E.S.P.,99239037.15
2023-02-01,HLAC,ELECTRIFICADORA DEL HUILA S.A. E.S.P.,83966920.51
2023-02-01,CHCC,CENTRAL HIDROELECTRICA DE CALDAS S.A. E.S.P. BENEFICIO E INTERES COLECTIVO,78144750.08
2023-02-01,EBSC,EMPRESA DE ENERGIA DE BOYACA S.A. E.S.P.,77730417.0
2023-02-01,EEPC,EMPRESA DE ENERGIA DE PEREIRA S.A. E.S.P.,65274336.32
2023-03-01,ENDC,ENEL COLOMBIA SA ESP,1322161117.85
2023-03-01,EPMC,EMPRESAS PUBLICAS DE MEDELLIN E.S.P.,1015884569.6
2023-03-01,CMMC,CARIBEMAR DE LA COSTA S.A.S. E.S.P.,713903254.35
2023-03-01,CSSC,AIR- E S.A.S. E.S.P.,684504865.84
2023-03-01,ISGC,ISAGEN S.A. E.S.P.,357806743.41
2023-03-01,EPSC,CELSIA COLOMBIA S.A. E.S.P.,341031988.21
2023-03-01,GECC,GENERADORA Y COMERCIALIZADORA DE ENERGIA DEL CARIBE S.A. E.S.P.,273389233.45
2023-03-01,EMIC,EMPRESAS MUNICIPALES DE CALI E.I.C.E. E.S.P.,265235767.55
2023-03-01,ESSC,ELECTRIFICADORA DE SANTANDER S.A. E.S.P.,194037341.27
2023-03-01,CNSC,CENTRALES ELECTRICAS DEL NORTE DE SANTANDER S.A. E.S.P.,137165986.07
2023-03-01,GNCC,VATIA S.A. E.S.P.,133011777.91
2023-03-01,SOEC,COREX ENERGY S.A.S. E.S.P.,114153811.96
2023-03-01,EMSC,ELECTRIFICADORA DEL META S.A. E.S.P.,103576224.58
2023-03-01,HLAC,ELECTRIFICADORA DEL HUILA S.A. E.S.P.,88195639.08
2023-03-01,CHCC,CENTRAL HIDROELECTRICA DE CALDAS S.A. E.S.P. BENEFICIO E INTERES COLECTIVO,85629517.98
2023-03-01,EBSC,EMPRESA DE ENERGIA DE BOYACA S.A. E.S.P.,84427108.18
2023-03-01,EEPC,EMPRESA DE ENERGIA DE PEREIRA S.A. E.S.P.,70802105.4
2023-03-01,CNCC,CNCC,18158893.31
2023-04-01,ENDC,ENEL COLOMBIA SA ESP,1245337850.93
2023-04-01,EPMC,EMPRESAS PUBLICAS DE MEDELLIN E.S.P.,963824571.05
2023-04-01,CMMC,CARIBEMAR DE LA COSTA S.A.S. E.S.P.,702253931.61
2023-04-01,CSSC,AIR- E S.A.S. E.S.P.,688636419.75
2023-04-01,EPSC,CELSIA COLOMBIA S.A. E.S.P.,327625551.86
2023-04-01,ISGC,ISAGEN S.A. E.S.P.,320875153.0
2023-04-01,GECC,GENERADORA Y COMERCIALIZADORA DE ENERGIA DEL CARIBE S.A. E.S.P.,264917552.08
2023-04-01,EMIC,EMPRESAS MUNICIPALES DE CALI E.I.C.E. E.S.P.,254632980.72
2023-04-01,ESSC,ELECTRIFICADORA DE SANTANDER S.A. E.S.P.,188053835.32
2023-04-01,CNSC,CENTRALES ELECTRICAS DEL NORTE DE SANTANDER S.A. E.S.P.,134970165.45
2023-04-01,GNCC,VATIA S.A. E.S.P.,126424144.4
2023-04-01,SOEC,COREX ENERGY S.A.S. E.S.P.,110827749.57
2023-04-01,EMSC,ELECTRIFICADORA DEL META S.A. E.S.P.,97610759.95
2023-04-01,HLAC,ELECTRIFICADORA DEL HUILA S.A. E.S.P.,85611435.51
2023-04-01,CHCC,CENTRAL HIDROELECTRICA DE CALDAS S.A. E.S.P. BENEFICIO E INTERES COLECTIVO,82463970.2
2023-04-01,EBSC,EMPRESA DE ENERGIA DE BOYACA S.A. E.S.P.,80512180.03
2023-04-01,EEPC,EMPRESA DE ENERGIA DE PEREIRA S.A. E.S.P.,67758527.45
2023-04-01,CNCC,CNCC,694788.5599999999
2023-05-01,ENDC,ENEL COLOMBIA SA ESP,1315978235.6
2023-05-01,EPMC,EMPRESAS PUBLICAS DE MEDELLIN E.S.P.,1031090711.56
2023-05-01,CSSC,AIR- E S.A.S. E.S.P.,776089723.55
2023-05-01,CMMC,CARIBEMAR DE LA COSTA S.A.S. E.S.P.,748715586.79
2023-05-01,EPSC,CELSIA COLOMBIA S.A. E.S.P.,365483726.58
2023-05-01,ISGC,ISAGEN S.A. E.S.P.,343190966.33
2023-05-01,EMIC,EMPRESAS MUNICIPALES DE CALI E.I.C.E. E.S.P.,278946851.45
2023-05-01,GECC,GENERADORA Y COMERCIALIZADORA DE ENERGIA DEL CARIBE S.A. E.S.P.,261465770.01
2023-05-01,ESSC,ELECTRIFICADORA DE SANTANDER S.A. E.S.P.,203409277.7
2023-05-01,CNSC,CENTRALES ELECTRICAS DEL NORTE DE SANTANDER S.A. E.S.P.,153211224.66
2023-05-01,GNCC,VATIA S.A. E.S.P.,141436428.79
2023-05-01,SOEC,COREX ENERGY S.A.S. E.S.P.,116852121.13
2023-05-01,EMSC,ELECTRIFICADORA DEL META S.A. E.S.P.,102891611.52
2023-05-01,HLAC,ELECTRIFICADORA DEL HUILA S.A. E.S.P.,93524595.22
2023-05-01,CHCC,CENTRAL HIDROELECTRICA DE CALDAS S.A. E.S.P. BENEFICIO E INTERES COLECTIVO,87905417.63
2023-05-01,EBSC,EMPRESA DE ENERGIA DE BOYACA S.A. E.S.P.,82620705.2
2023-05-01,EEPC,EMPRESA DE ENERGIA DE PEREIRA S.A. E.S.P.,72917807.49
2023-05-01,CNCC,CNCC,4887233.58
2023-06-01,ENDC,ENEL COLOMBIA SA ESP,1268270064.08
2023-06-01,EPMC,EMPRESAS PUBLICAS DE MEDELLIN E.S.P.,984847635.11
2023-06-01,CSSC,AIR- E S.A.S. E.S.P.,759818629.86
2023-06-01,CMMC,CARIBEMAR DE LA COSTA S.A.S. E.S.P.,728028918.22
2023-06-01,EPSC,CELSIA COLOMBIA S.A. E.S.P.,347969715.85
2023-06-01,ISGC,ISAGEN S.A. E.S.P.,334345148.4
2023-06-01,EMIC,EMPRESAS MUNICIPALES DE CALI E.I.C.E. E.S.P.,269849697.94
2023-06-01,GECC,GENERADORA Y COMERCIALIZADORA DE ENERGIA DEL CARIBE S.A. E.S.P.,266168049.14
2023-06-01,ESSC,ELECTRIFICADORA DE SANTANDER S.A. E.S.P.,191252943.49
2023-06-01,CNSC,CENTRALES ELECTRICAS DEL NORTE DE SANTANDER S.A. E.S.P.,144446838.82
2023-06-01,GNCC,VATIA S.A. E.S.P.,137506983.08
2023-06-01,SOEC,COREX ENERGY S.A.S. E.S.P.,100601248.07
2023-06-01,EMSC,ELECTRIFICADORA DEL META S.A. E.S.P.,97000929.45
2023-06-01,HLAC,ELECTRIFICADORA DEL HUILA S.A. E.S.P.,89857347.82
2023-06-01,CHCC,CENTRAL HIDROELECTRICA DE CALDAS S.A. E.S.P. BENEFICIO E INTERES COLECTIVO,83969834.64
2023-06-01,EBSC,EMPRESA DE ENERGIA DE BOYACA S.A. E.S.P.,78729173.26
2023-06-01,EEPC,EMPRESA DE ENERGIA DE PEREIRA S.A. E.S.P.,70478740.09
2023-06-01,CNCC,CNCC,134210.28
2023-07-01,ENDC,ENEL COLOMBIA SA ESP,1294195824.57
2023-07-01,EPMC,EMPRESAS PUBLICAS DE MEDELLIN E.S.P.,1018570951.79
2023-07-01,CSSC,AIR- E S.A.S. E.S.P.,799491094.55
2023-07-01,CMMC,CARIBEMAR DE LA COSTA S.A.S. E.S.P.,769430093.29
2023-07-01,EPSC,CELSIA COLOMBIA S.A. E.S.P.,358914597.76
2023-07-01,ISGC,ISAGEN S.A. E.S.P.,338288332.07
2023-07-01,GECC,GENERADORA Y COMERCIALIZADORA DE ENERGIA DEL CARIBE S.A. E.S.P.,288694800.2
2023-07-01,EMIC,EMPRESAS MUNICIPALES DE CALI E.I.C.E. E.S.P.,280897356.45
2023-07-01,ESSC,ELECTRIFICADORA DE SANTANDER S.A. E.S.P.,203881033.4
2023-07-01,CNSC,CENTRALES ELECTRICAS DEL NORTE DE SANTANDER S.A. E.S.P.,149078853.71
2023-07-01,GNCC,VATIA S.A. E.S.P.,142841785.46
2023-07-01,EMSC,ELECTRIFICADORA DEL META S.A. E.S.P.,99757759.83
2023-07-01,HLAC,ELECTRIFICADORA DEL HUILA S.A. E.S.P.,91528902.63
2023-07-01,CHCC,CENTRAL HIDROELECTRICA DE CALDAS S.A. E.S.P. BENEFICIO E INTERES COLECTIVO,87037565.64
2023-07-01,EBSC,EMPRESA DE ENERGIA DE BOYACA S.A. E.S.P.,81143933.28
2023-07-01,SOEC,COREX ENERGY S.A.S. E.S.P.,76145296.94
2023-07-01,EEPC,EMPRESA DE ENERGIA DE PEREIRA S.A. E.S.P.,73125623.68
2023-07-01,CNCC,CNCC,133415.02
2023-08-01,ENDC,ENEL COLOMBIA SA ESP,1314183532.65
2023-08-01,EPMC,EMPRESAS PUBLICAS DE MEDELLIN E.S.P.,1055970226.67
2023-08-01,CSSC,AIR- E S.A.S. E.S.P.,808910248.7
2023-08-01,CMMC,CARIBEMAR DE LA COSTA S.A.S. E.S.P.,778986121.37
2023-08-01,EPSC,CELSIA COLOMBIA S.A. E.S.P.,367796862.02
2023-08-01,ISGC,ISAGEN S.A. E.S.P.,363960802.92
2023-08-01,GECC,GENERADORA Y COMERCIALIZADORA DE ENERGIA DEL CARIBE S.A. E.S.P.,301081744.75
2023-08-01,EMIC,EMPRESAS MUNICIPALES DE CALI E.I.C.E. E.S.P.,287085755.94
2023-08-01,ESSC,ELECTRIFICADORA DE SANTANDER S.A. E.S.P.,206282335.99
2023-08-01,CNSC,CENTRALES ELECTRICAS DEL NORTE DE SANTANDER S.A. E.S.P.,155847600.21
2023-08-01,GNCC,VATIA S.A. E.S.P.,148170197.86
2023-08-01,EMSC,ELECTRIFICADORA DEL META S.A. E.S.P.,106493863.39
2023-08-01,SOEC,COREX ENERGY S.A.S. E.S.P.,104606264.81
2023-08-01,HLAC,ELECTRIFICADORA DEL HUILA S.A. E.S.P.,95796338.56
2023-08-01,CHCC,CENTRAL HIDROELECTRICA DE CALDAS S.A. E.S.P. BENEFICIO E INTERES COLECTIVO,89386074.83
2023-08-01,EBSC,EMPRESA DE ENERGIA DE BOYACA S.A. E.S.P.,86967711.07
2023-08-01,EEPC,EMPRESA DE ENERGIA DE PEREIRA S.A. E.S.P.,74647308.66
2023-08-01,CNCC,CNCC,20531380.3
2023-09-01,ENDC,ENEL COLOMBIA SA ESP,1284894895.6
2023-09-01,EPMC,EMPRESAS PUBLICAS DE MEDELLIN E.S.P.,1031923931.64
2023-09-01,CSSC,AIR- E S.A.S. E.S.P.,802573213.72
2023-09-01,CMMC,CARIBEMAR DE LA COSTA S.A.S. E.S.P.,768943280.31
2023-09-01,EPSC,CELSIA COLOMBIA S.A. E.S.P.,362422594.73
2023-09-01,ISGC,ISAGEN S.A. E.S.P.,344630518.03
2023-09-01,EMIC,EMPRESAS MUNICIPALES DE CALI E.I.C.E. E.S.P.,285439252.01
2023-09-01,GECC,GENERADORA Y COMERCIALIZADORA DE ENERGIA DEL CARIBE S.A. E.S.P.,283804044.13
2023-09-01,CNCC,CNCC,245967275.2
2023-09-01,ESSC,ELECTRIFICADORA DE SANTANDER S.A. E.S.P.,203745446.59
2023-09-01,CNSC,CENTRALES ELECTRICAS DEL NORTE DE SANTANDER S.A. E.S.P.,157441494.15
2023-09-01,GNCC,VATIA S.A. E.S.P.,147227518.11
2023-09-01,SOEC,COREX ENERGY S.A.S. E.S.P.,112312211.49
2023-09-01,EMSC,ELECTRIFICADORA DEL META S.A. E.S.P.,107029072.5
2023-09-01,HLAC,ELECTRIFICADORA DEL HUILA S.A. E.S.P.,96144335.98
2023-09-01,CHCC,CENTRAL HIDROELECTRICA DE CALDAS S.A. E.S.P. BENEFICIO E INTERES COLECTIVO,86974986.99
2023-09-01,EBSC,EMPRESA DE ENERGIA DE BOYACA S.A. E.S.P.,81175255.24
2023-09-01,EEPC,EMPRESA DE ENERGIA DE PEREIRA S.A. E.S.P.,73161332.56
2023-10-01,ENDC,ENEL COLOMBIA SA ESP,1317621483.53
2023-10-01,EPMC,EMPRESAS PUBLICAS DE MEDELLIN E.S.P.,1036433473.97
2023-10-01,CSSC,AIR- E S.A.S. E.S.P.,770470828.91
2023-10-01,CMMC,CARIBEMAR DE LA COSTA S.A.S. E.S.P.,749536997.0
2023-10-01,EPSC,CELSIA COLOMBIA S.A. E.S.P.,356707510.29
2023-10-01,ISGC,ISAGEN S.A. E.S.P.,354582791.17
2023-10-01,GECC,GENERADORA Y COMERCIALIZADORA DE ENERGIA DEL CARIBE S.A. E.S.P.,290251582.54
2023-10-01,EMIC,EMPRESAS MUNICIPALES DE CALI E.I.C.E. E.S.P.,279862167.08
2023-10-01,ESSC,ELECTRIFICADORA DE SANTANDER S.A. E.S.P.,202282425.24
2023-10-01,CNCC,CNCC,194454964.31
2023-10-01,CNSC,CENTRALES ELECTRICAS DEL NORTE DE SANTANDER S.A. E.S.P.,156008485.39
2023-10-01,GNCC,VATIA S.A. E.S.P.,145872684.46
2023-10-01,SOEC,COREX ENERGY S.A.S. E.S.P.,115284505.13
2023-10-01,EMSC,ELECTRIFICADORA DEL META S.A. E.S.P.,107680883.11
2023-10-01,HLAC,ELECTRIFICADORA DEL HUILA S.A. E.S.P.,100764918.74
2023-10-01,CHCC,CENTRAL HIDROELECTRICA DE CALDAS S.A. E.S.P. BENEFICIO E INTERES COLECTIVO,87659025.3
2023-10-01,EBSC,EMPRESA DE ENERGIA DE BOYACA S.A. E.S.P.,81746917.67
2023-10-01,EEPC,EMPRESA DE ENERGIA DE PEREIRA S.A. E.S.P.,73021959.55
2023-11-01,ENDC,ENEL COLOMBIA SA ESP,1293472348.89
2023-11-01,EPMC,EMPRESAS PUBLICAS DE MEDELLIN E.S.P.,1008677662.09
2023-11-01,CSSC,AIR- E S.A.S. E.S.P.,743619839.32
2023-11-01,CMMC,CARIBEMAR DE LA COSTA S.A.S. E.S.P.,731342637.6
2023-11-01,EPSC,CELSIA COLOMBIA S.A. E.S.P.,346151555.36
2023-11-01,ISGC,ISAGEN S.A. E.S.P.,343246005.36
2023-11-01,GECC,GENERADORA Y COMERCIALIZADORA DE ENERGIA DEL CARIBE S.A. E.S.P.,289417091.34
2023-11-01,EMIC,EMPRESAS MUNICIPALES DE CALI E.I.C.E. E.S.P.,269012883.71
2023-11-01,ESSC,ELECTRIFICADORA DE SANTANDER S.A. E.S.P.,199165863.67
2023-11-01,CNCC,CNCC,182114865.08
2023-11-01,CNSC,CENTRALES ELECTRICAS DEL NORTE DE SANTANDER S.A. E.S.P.,147170096.77
2023-11-01,GNCC,VATIA S.A. E.S.P.,142980336.74
2023-11-01,SOEC,COREX ENERGY S.A.S. E.S.P.,105618504.41
2023-11-01,EMSC,ELECTRIFICADORA DEL META S.A. E.S.P.,103429957.99
2023-11-01,HLAC,ELECTRIFICADORA DEL HUILA S.A. E.S.P.,94107963.96
2023-11-01,CHCC,CENTRAL HIDROELECTRICA DE CALDAS S.A. E.S.P. BENEFICIO E INTERES COLECTIVO,86360260.74
2023-11-01,EBSC,EMPRESA DE ENERGIA DE BOYACA S.A. E.S.P.,80174397.32
2023-11-01,EEPC,EMPRESA DE ENERGIA DE PEREIRA S.A. E.S.P.,72463997.48
2023-12-01,ENDC,ENEL COLOMBIA SA ESP,1292003257.09
2023-12-01,EPMC,EMPRESAS PUBLICAS DE MEDELLIN E.S.P.,1021634440.88
2023-12-01,CMMC,CARIBEMAR DE LA COSTA S.A.S. E.S.P.,793277522.86
2023-12-01,CSSC,AIR- E S.A.S. E.S.P.,761077482.63
2023-12-01,EPSC,CELSIA COLOMBIA S.A. E.S.P.,357452421.53
2023-12-01,ISGC,ISAGEN S.A. E.S.P.,339767419.43
2023-12-01,GECC,GENERADORA Y COMERCIALIZADORA DE ENERGIA DEL CARIBE S.A. E.S.P.,298241200.13
2023-12-01,EMIC,EMPRESAS MUNICIPALES DE CALI E.I.C.E. E.S.P.,278369763.05
2023-12-01,ESSC,ELECTRIFICADORA DE SANTANDER S.A. E.S.P.,208102823.61
2023-12-01,CNSC,CENTRALES ELECTRICAS DEL NORTE DE SANTANDER S.A. E.S.P.,149744320.25
2023-12-01,GNCC,VATIA S.A. E.S.P.,144118141.16
2023-12-01,CNCC,CNCC,135115105.06
2023-12-01,SOEC,COREX ENERGY S.A.S. E.S.P.,113688930.42
2023-12-01,EMSC,ELECTRIFICADORA DEL META S.A. E.S.P.,109098021.9
2023-12-01,HLAC,ELECTRIFICADORA DEL HUILA S.A. E.S.P.,98551577.5
2023-12-01,CHCC,CENTRAL HIDROELECTRICA DE CALDAS S.A. E.S.P. BENEFICIO E INTERES COLECTIVO,90615143.56
2023-12-01,EBSC,EMPRESA DE ENERGIA DE BOYACA S.A. E.S.P.,87558261.44
2023-12-01,EEPC,EMPRESA DE ENERGIA DE PEREIRA S.A. E.S.P.,73708020.19
2024-01-01,ENDC,ENEL COLOMBIA SA ESP,1280274176.84
2024-01-01,EPMC,EMPRESAS PUBLICAS DE MEDELLIN E.S.P.,1026786612.9
2024-01-01,CMMC,CARIBEMAR DE LA COSTA S.A.S. E.S.P.,797767760.76
2024-01-01,CSSC,AIR- E S.A.S. E.S.P.,747876791.88
2024-01-01,EPSC,CELSIA COLOMBIA S.A. E.S.P.,369606204.41
2024-01-01,ISGC,ISAGEN S.A. E.S.P.,349880874.06
2024-01-01,GECC,GENERADORA Y COMERCIALIZADORA DE ENERGIA DEL CARIBE S.A. E.S.P.,302137595.66
2024-01-01,EMIC,EMPRESAS MUNICIPALES DE CALI E.I.C.E. E.S.P.,282032917.6
2024-01-01,ESSC,ELECTRIFICADORA DE SANTANDER S.A. E.S.P.,212306651.04
2024-01-01,CNSC,CENTRALES ELECTRICAS DEL NORTE DE SANTANDER S.A. E.S.P.,146154780.51
2024-01-01,GNCC,VATIA S.A. E.S.P.,141323064.73
2024-01-01,SOEC,COREX ENERGY S.A.S. E.S.P.,119281528.47
2024-01-01,EMSC,ELECTRIFICADORA DEL META S.A. E.S.P.,115951735.52
2024-01-01,HLAC,ELECTRIFICADORA DEL HUILA S.A. E.S.P.,100891145.98
2024-01-01,CHCC,CENTRAL HIDROELECTRICA DE CALDAS S.A. E.S.P. BENEFICIO E INTERES COLECTIVO,92497202.13
2024-01-01,EBSC,EMPRESA DE ENERGIA DE BOYACA S.A. E.S.P.,86292607.71
2024-01-01,EEPC,EMPRESA DE ENERGIA DE PEREIRA S.A. E.S.P.,74370018.59
2024-01-01,CNCC,CNCC,46123560.95
2024-02-01,ENDC,ENEL COLOMBIA SA ESP,1273624813.43
2024-02-01,EPMC,EMPRESAS PUBLICAS DE MEDELLIN E.S.P.,1003656681.68
2024-02-01,CMMC,CARIBEMAR DE LA COSTA S.A.S. E.S.P.,729636144.36
2024-02-01,CSSC,AIR- E S.A.S. E.S.P.,689921458.38
2024-02-01,EPSC,CELSIA COLOMBIA S.A. E.S.P.,345477699.04
2024-02-01,ISGC,ISAGEN S.A. E.S.P.,318105700.34
2024-02-01,GECC,GENERADORA Y COMERCIALIZADORA DE ENERGIA DEL CARIBE S.A. E.S.P.,284293812.07
2024-02-01,EMIC,EMPRESAS MUNICIPALES DE CALI E.I.C.E. E.S.P.,274394307.53
2024-02-01,ESSC,ELECTRIFICADORA DE SANTANDER S.A. E.S.P.,199447502.06
2024-02-01,CNSC,CENTRALES ELECTRICAS DEL NORTE DE SANTANDER S.A. E.S.P.,139487642.81
2024-02-01,GNCC,VATIA S.A. E.S.P.,136388523.4
2024-02-01,EMSC,ELECTRIFICADORA DEL META S.A. E.S.P.,106603107.03
2024-02-01,HLAC,ELECTRIFICADORA DEL HUILA S.A. E.S.P.,96607285.29
2024-02-01,SOEC,COREX ENERGY S.A.S. E.S.P.,96147889.6
2024-02-01,CHCC,CENTRAL HIDROELECTRICA DE CALDAS S.A. E.S.P. BENEFICIO E INTERES COLECTIVO,86237690.94
2024-02-01,EBSC,EMPRESA DE ENERGIA DE BOYACA S.A. E.S.P.,79658490.78
2024-02-01,EEPC,EMPRESA DE ENERGIA DE PEREIRA S.A. E.S.P.,71848511.97
2024-02-01,CNCC,CNCC,10229588.68
2024-03-01,ENDC,ENEL COLOMBIA SA ESP,1339002177.67
2024-03-01,EPMC,EMPRESAS PUBLICAS DE MEDELLIN E.S.P.,1063582006.55
2024-03-01,CMMC,CARIBEMAR DE LA COSTA S.A.S. E.S.P.,819379490.17
2024-03-01,CSSC,AIR- E S.A.S. E.S.P.,777637624.02
2024-03-01,EPSC,CELSIA COLOMBIA S.A. E.S.P.,374617901.79
2024-03-01,ISGC,ISAGEN S.A. E.S.P.,327210584.76
2024-03-01,EMIC,EMPRESAS MUNICIPALES DE CALI E.I.C.E. E.S.P.,293620584.16
2024-03-01,GECC,GENERADORA Y COMERCIALIZADORA DE ENERGIA DEL CARIBE S.A. E.S.P.,291703884.88
2024-03-01,ESSC,ELECTRIFICADORA DE SANTANDER S.A. E.S.P.,220904055.97
2024-03-01,CNSC,CENTRALES ELECTRICAS DEL NORTE DE SANTANDER S.A. E.S.P.,158764725.62
2024-03-01,GNCC,VATIA S.A. E.S.P.,143543756.6
2024-03-01,CNCC,CNCC,130982135.96
2024-03-01,EMSC,ELECTRIFICADORA DEL META S.A. E.S.P.,114600494.31
2024-03-01,SOEC,COREX ENERGY S.A.S. E.S.P.,111973711.55
2024-03-01,HLAC,ELECTRIFICADORA DEL HUILA S.A. E.S.P.,103459496.66
2024-03-01,CHCC,CENTRAL HIDROELECTRICA DE CALDAS S.A. E.S.P. BENEFICIO E INTERES COLECTIVO,92726466.79
2024-03-01,EBSC,EMPRESA DE ENERGIA DE BOYACA S.A. E.S.P.,86729754.41
2024-03-01,EEPC,EMPRESA DE ENERGIA DE PEREIRA S.A. E.S.P.,75864330.2
2024-04-01,ENDC,ENEL COLOMBIA SA ESP,1305696595.79
2024-04-01,EPMC,EMPRESAS PUBLICAS DE MEDELLIN E.S.P.,1037555837.26
2024-04-01,CMMC,CARIBEMAR DE LA COSTA S.A.S. E.S.P.,786323339.52
2024-04-01,CSSC,AIR- E S.A.S. E.S.P.,771307862.57
2024-04-01,EPSC,CELSIA COLOMBIA S.A. E.S.P.,349202102.67
2024-04-01,ISGC,ISAGEN S.A. E.S.P.,320384763.08
2024-04-01,EMIC,EMPRESAS MUNICIPALES DE CALI E.I.C.E. E.S.P.,276392028.5
2024-04-01,GECC,GENERADORA Y COMERCIALIZADORA DE ENERGIA DEL CARIBE S.A. E.S.P.,276094573.26
2024-04-01,ESSC,ELECTRIFICADORA DE SANTANDER S.A. E.S.P.,208043399.49
2024-04-01,CNSC,CENTRALES ELECTRICAS DEL NORTE DE SANTANDER S.A. E.S.P.,151369092.79
2024-04-01,GNCC,VATIA S.A. E.S.P.,137830042.9
2024-04-01,SOEC,COREX ENERGY S.A.S. E.S.P.,110488820.77
2024-04-01,EMSC,ELECTRIFICADORA DEL META S.A. E.S.P.,109429987.07
2024-04-01,HLAC,ELECTRIFICADORA DEL HUILA S.A. E.S.P.,94433841.23
2024-04-01,CHCC,CENTRAL HIDROELECTRICA DE CALDAS S.A. E.S.P. BENEFICIO E INTERES COLECTIVO,87628389.91
2024-04-01,EBSC,EMPRESA DE ENERGIA DE BOYACA S.A. E.S.P.,82326374.61
2024-04-01,EEPC,EMPRESA DE ENERGIA DE PEREIRA S.A. E.S.P.,72217008.66
2024-04-01,CNCC,CNCC,37833785.01
2024-05-01,ENDC,ENEL COLOMBIA SA ESP,1335392692.63
2024-05-01,EPMC,EMPRESAS PUBLICAS DE MEDELLIN E.S.P.,1031463622.78
2024-05-01,CSSC,AIR- E S.A.S. E.S.P.,813304251.88
2024-05-01,CMMC,CARIBEMAR DE LA COSTA S.A.S. E.S.P.,794071639.83
2024-05-01,EPSC,CELSIA COLOMBIA S.A. E.S.P.,351103313.11
2024-05-01,ISGC,ISAGEN S.A. E.S.P.,322259340.74
2024-05-01,GECC,GENERADORA Y COMERCIALIZADORA DE ENERGIA DEL CARIBE S.A. E.S.P.,291940141.99
2024-05-01,EMIC,EMPRESAS MUNICIPALES DE CALI E.I.C.E. E.S.P.,275521801.29
2024-05-01,ESSC,ELECTRIFICADORA DE SANTANDER S.A. E.S.P.,209360405.24
2024-05-01,CNSC,CENTRALES ELECTRICAS DEL NORTE DE SANTANDER S.A. E.S.P.,156488543.63
2024-05-01,GNCC,VATIA S.A. E.S.P.,138117480.14
2024-05-01,SOEC,COREX ENERGY S.A.S. E.S.P.,112915379.76
2024-05-01,EMSC,ELECTRIFICADORA DEL META S.A. E.S.P.,107485350.41
2024-05-01,HLAC,ELECTRIFICADORA DEL HUILA S.A. E.S.P.,96029309.64
2024-05-01,CHCC,CENTRAL HIDROELECTRICA DE CALDAS S.A. E.S.P. BENEFICIO E INTERES COLECTIVO,88686796.11
2024-05-01,EBSC,EMPRESA DE ENERGIA DE BOYACA S.A. E.S.P.,83884085.84
2024-05-01,EEPC,EMPRESA DE ENERGIA DE PEREIRA S.A. E.S.P.,73305591.36
2024-05-01,CNCC,CNCC,47250504.41
2024-06-01,ENDC,ENEL COLOMBIA SA ESP,1257603253.78
2024-06-01,EPMC,EMPRESAS PUBLICAS DE MEDELLIN E.S.P.,977437983.21
2024-06-01,CSSC,AIR- E S.A.S. E.S.P.,757745597.98
2024-06-01,CMMC,CARIBEMAR DE LA COSTA S.A.S. E.S.P.,740296882.28
2024-06-01,EPSC,CELSIA COLOMBIA S.A. E.S.P.,332425512.12
2024-06-01,ISGC,ISAGEN S.A. E.S.P.,306508522.14
2024-06-01,GECC,GENERADORA Y COMERCIALIZADORA DE ENERGIA DEL CARIBE S.A. E.S.P.,286295915.26
2024-06-01,EMIC,EMPRESAS MUNICIPALES DE CALI E.I.C.E. E.S.P.,259003800.17
2024-06-01,ESSC,ELECTRIFICADORA DE SANTANDER S.A. E.S.P.,193113693.87
2024-06-01,CNSC,CENTRALES ELECTRICAS DEL NORTE DE SANTANDER S.A. E.S.P.,145343387.36
2024-06-01,GNCC,VATIA S.A. E.S.P.,129490127.52
2024-06-01,SOEC,COREX ENERGY S.A.S. E.S.P.,109161511.0
2024-06-01,EMSC,ELECTRIFICADORA DEL META S.A. E.S.P.,100125387.57
2024-06-01,HLAC,ELECTRIFICADORA DEL HUILA S.A. E.S.P.,91210557.31
2024-06-01,CHCC,CENTRAL HIDROELECTRICA DE CALDAS S.A. E.S.P. BENEFICIO E INTERES COLECTIVO,84433418.49
2024-06-01,EBSC,EMPRESA DE ENERGIA DE BOYACA S.A. E.S.P.,80289433.64
2024-06-01,EEPC,EMPRESA DE ENERGIA DE PEREIRA S.A. E.S.P.,68654959.47
2024-06-01,CNCC,CNCC,16745214.51
2024-07-01,ENDC,ENEL COLOMBIA SA ESP,1313663871.4
2024-07-01,EPMC,EMPRESAS PUBLICAS DE MEDELLIN E.S.P.,1042795929.41
2024-07-01,CSSC,AIR- E S.A.S. E.S.P.,817540529.2
2024-07-01,CMMC,CARIBEMAR DE LA COSTA S.A.S. E.S.P.,805639587.61
2024-07-01,EPSC,CELSIA COLOMBIA S.A. E.S.P.,353521188.24
2024-07-01,ISGC,ISAGEN S.A. E.S.P.,343139489.15
2024-07-01,GECC,GENERADORA Y COMERCIALIZADORA DE ENERGIA DEL CARIBE S.A. E.S.P.,284684772.99
2024-07-01,EMIC,EMPRESAS MUNICIPALES DE CALI E.I.C.E. E.S.P.,278387146.5
2024-07-01,ESSC,ELECTRIFICADORA DE SANTANDER S.A. E.S.P.,206124701.42
2024-07-01,CNSC,CENTRALES ELECTRICAS DEL NORTE DE SANTANDER S.A. E.S.P.,153226250.38
2024-07-01,GNCC,VATIA S.A. E.S.P.,137193246.95
2024-07-01,SOEC,COREX ENERGY S.A.S. E.S.P.,109386006.29
2024-07-01,EMSC,ELECTRIFICADORA DEL META S.A. E.S.P.,102798737.3
2024-07-01,HLAC,ELECTRIFICADORA DEL HUILA S.A. E.S.P.,94065024.4
2024-07-01,CHCC,CENTRAL HIDROELECTRICA DE CALDAS S.A. E.S.P. BENEFICIO E INTERES COLECTIVO,89017514.58
2024-07-01,EBSC,EMPRESA DE ENERGIA DE BOYACA S.A. E.S.P.,83293685.09
2024-07-01,EEPC,EMPRESA DE ENERGIA DE PEREIRA S.A. E.S.P.,73206748.28
2024-07-01,CNCC,CNCC,51496311.12
2024-08-01,ENDC,ENEL COLOMBIA SA ESP,1318069621.96
2024-08-01,EPMC,EMPRESAS PUBLICAS DE MEDELLIN E.S.P.,1039009279.46
2024-08-01,CSSC,AIR- E S.A.S. E.S.P.,823724558.07
2024-08-01,CMMC,CARIBEMAR DE LA COSTA S.A.S. E.S.P.,788098002.64
2024-08-01,EPSC,CELSIA COLOMBIA S.A. E.S.P.,364168929.26
2024-08-01,ISGC,ISAGEN S.A. E.S.P.,344695552.11
2024-08-01,CNCC,CNCC,287257176.12
2024-08-01,EMIC,EMPRESAS MUNICIPALES DE CALI E.I.C.E. E.S.P.,282460335.63
2024-08-01,GECC,GENERADORA Y COMERCIALIZADORA DE ENERGIA DEL CARIBE S.A. E.S.P.,279484570.96
2024-08-01,ESSC,ELECTRIFICADORA DE SANTANDER S.A. E.S.P.,207795961.7
2024-08-01,CNSC,CENTRALES ELECTRICAS DEL NORTE DE SANTANDER S.A. E.S.P.,158095878.5
2024-08-01,GNCC,VATIA S.A. E.S.P.,139220926.53
2024-08-01,EMSC,ELECTRIFICADORA DEL META S.A. E.S.P.,109200952.58
2024-08-01,SOEC,COREX ENERGY S.A.S. E.S.P.,102410452.01
2024-08-01,HLAC,ELECTRIFICADORA DEL HUILA S.A. E.S.P.,95787887.1
2024-08-01,CHCC,CENTRAL HIDROELECTRICA DE CALDAS S.A. E.S.P. BENEFICIO E INTERES COLECTIVO,89095423.54
2024-08-01,EBSC,EMPRESA DE ENERGIA DE BOYACA S.A. E.S.P.,84065508.31
2024-08-01,EEPC,EMPRESA DE ENERGIA DE PEREIRA S.A. E.S.P.,73701795.42
2024-09-01,ENDC,ENEL COLOMBIA SA ESP,1296468233.59
2024-09-01,EPMC,EMPRESAS PUBLICAS DE MEDELLIN E.S.P.,1033098478.97
2024-09-01,CMMC,CARIBEMAR DE LA COSTA S.A.S. E.S.P.,759608452.97
2024-09-01,CSIC,AIR- E S.A.S. E.S.P. - INTERVENIDO,464438035.32
2024-09-01,EPSC,CELSIA COLOMBIA S.A. E.S.P.,367412250.22
2024-09-01,CSSC,AIR- E S.A.S. E.S.P.,322057196.33
2024-09-01,ISGC,ISAGEN S.A. E.S.P.,306498579.07
2024-09-01,GECC,GENERADORA Y COMERCIALIZADORA DE ENERGIA DEL CARIBE S.A. E.S.P.,302429707.18
2024-09-01,EMIC,EMPRESAS MUNICIPALES DE CALI E.I.C.E. E.S.P.,287211278.3
2024-09-01,CNCC,CNCC,249381332.81
2024-09-01,ESSC,ELECTRIFICADORA DE SANTANDER S.A. E.S.P.,202794429.47
2024-09-01,CNSC,CENTRALES ELECTRICAS DEL NORTE DE SANTANDER S.A. E.S.P.,155668081.87
2024-09-01,GNCC,VATIA S.A. E.S.P.,136472075.88
2024-09-01,EMSC,ELECTRIFICADORA DEL META S.A. E.S.P.,110786850.97
2024-09-01,SOEC,COREX ENERGY S.A.S. E.S.P.,102285727.98
2024-09-01,HLAC,ELECTRIFICADORA DEL HUILA S.A. E.S.P.,100050144.94
2024-09-01,CHCC,CENTRAL HIDROELECTRICA DE CALDAS S.A. E.S.P. BENEFICIO E INTERES COLECTIVO,88625298.47
2024-09-01,EBSC,EMPRESA DE ENERGIA DE BOYACA S.A. E.S.P.,81931784.98
2024-09-01,EEPC,EMPRESA DE ENERGIA DE PEREIRA S.A. E.S.P.,73771033.71
2024-10-01,ENDC,ENEL COLOMBIA SA ESP,1336324137.08
2024-10-01,EPMC,EMPRESAS PUBLICAS DE MEDELLIN E.S.P.,1049040501.6
2024-10-01,CSIC,AIR- E S.A.S. E.S.P. - INTERVENIDO,813041412.59
2024-10-01,CMMC,CARIBEMAR DE LA COSTA S.A.S. E.S.P.,782842135.51
2024-10-01,EPSC,CELSIA COLOMBIA S.A. E.S.P.,359574905.94
2024-10-01,ISGC,ISAGEN S.A. E.S.P.,326556749.52
2024-10-01,GECC,GENERADORA Y COMERCIALIZADORA DE ENERGIA DEL CARIBE S.A. E.S.P.,311854574.82
2024-10-01,EMIC,EMPRESAS MUNICIPALES DE CALI E.I.C.E. E.S.P.,280092779.06
2024-10-01,ESSC,ELECTRIFICADORA DE SANTANDER S.A. E.S.P.,205429827.09
2024-10-01,CNSC,CENTRALES ELECTRICAS DEL NORTE DE SANTANDER S.A. E.S.P.,157497442.29
2024-10-01,GNCC,VATIA S.A. E.S.P.,137392959.18
2024-10-01,SOEC,COREX ENERGY S.A.S. E.S.P.,115472866.25
2024-10-01,EMSC,ELECTRIFICADORA DEL META S.A. E.S.P.,112396475.85
2024-10-01,HLAC,ELECTRIFICADORA DEL HUILA S.A. E.S.P.,100220136.44
2024-10-01,CHCC,CENTRAL HIDROELECTRICA DE CALDAS S.A. E.S.P. BENEFICIO E INTERES COLECTIVO,90696221.9
2024-10-01,EBSC,EMPRESA DE ENERGIA DE BOYACA S.A. E.S.P.,83870009.93
2024-10-01,EEPC,EMPRESA DE ENERGIA DE PEREIRA S.A. E.S.P.,74256159.34
2024-10-01,CNCC,CNCC,5608807.42
2024-11-01,ENDC,ENEL COLOMBIA SA ESP,1283836778.16
2024-11-01,EPMC,EMPRESAS PUBLICAS DE MEDELLIN E.S.P.,1008577846.31
2024-11-01,CSIC,AIR- E S.A.S. E.S.P. - INTERVENIDO,721345852.75
2024-11-01,CMMC,CARIBEMAR DE LA COSTA S.A.S. E.S.P.,706519548.95
2024-11-01,EPSC,CELSIA COLOMBIA S.A. E.S.P.,332639793.15
2024-11-01,GECC,GENERADORA Y COMERCIALIZADORA DE ENERGIA DEL CARIBE S.A. E.S.P.,306606106.9
2024-11-01,ISGC,ISAGEN S.A. E.S.P.,300784609.26
2024-11-01,EMIC,EMPRESAS MUNICIPALES DE CALI E.I.C.E. E.S.P.,262331037.22
2024-11-01,ESSC,ELECTRIFICADORA DE SANTANDER S.A. E.S.P.,191538096.3
2024-11-01,CNSC,CENTRALES ELECTRICAS DEL NORTE DE SANTANDER S.A. E.S.P.,143806843.67
2024-11-01,CNCC,CNCC,142415755.05
2024-11-01,GNCC,VATIA S.A. E.S.P.,128921722.0
2024-11-01,SOEC,COREX ENERGY S.A.S. E.S.P.,113257084.45
2024-11-01,EMSC,ELECTRIFICADORA DEL META S.A. E.S.P.,105666781.55
2024-11-01,HLAC,ELECTRIFICADORA DEL HUILA S.A. E.S.P.,99182957.17
2024-11-01,CHCC,CENTRAL HIDROELECTRICA DE CALDAS S.A. E.S.P. BENEFICIO E INTERES COLECTIVO,86638918.25
2024-11-01,EBSC,EMPRESA DE ENERGIA DE BOYACA S.A. E.S.P.,80106214.29
2024-11-01,EEPC,EMPRESA DE ENERGIA DE PEREIRA S.A. E.S.P.,70293310.75
2024-12-01,ENDC,ENEL COLOMBIA SA ESP,1290960885.15
2024-12-01,EPMC,EMPRESAS PUBLICAS DE MEDELLIN E.S.P.,1023718828.04
2024-12-01,CSIC,AIR- E S.A.S. E.S.P. - INTERVENIDO,799952244.32
2024-12-01,CMMC,CARIBEMAR DE LA COSTA S.A.S. E.S.P.,779732124.35
2024-12-01,EPSC,CELSIA COLOMBIA S.A. E.S.P.,352125210.2
2024-12-01,ISGC,ISAGEN S.A. E.S.P.,320952909.71
2024-12-01,GECC,GENERADORA Y COMERCIALIZADORA DE ENERGIA DEL CARIBE S.A. E.S.P.,310175470.51
2024-12-01,EMIC,EMPRESAS MUNICIPALES DE CALI E.I.C.E. E.S.P.,275189890.67
2024-12-01,CNCC,CNCC,260152607.05
2024-12-01,ESSC,ELECTRIFICADORA DE SANTANDER S.A. E.S.P.,207604989.41
2024-12-01,CNSC,CENTRALES ELECTRICAS DEL NORTE DE SANTANDER S.A. E.S.P.,149039042.11
2024-12-01,GNCC,VATIA S.A. E.S.P.,135031190.51
2024-12-01,EMSC,ELECTRIFICADORA DEL META S.A. E.S.P.,112710283.24
2024-12-01,SOEC,COREX ENERGY S.A.S. E.S.P.,111985981.39
2024-12-01,HLAC,ELECTRIFICADORA DEL HUILA S.A. E.S.P.,100932319.88
2024-12-01,CHCC,CENTRAL HIDROELECTRICA DE CALDAS S.A. E.S.P. BENEFICIO E INTERES COLECTIVO,90237035.05
2024-12-01,EBSC,EMPRESA DE ENERGIA DE BOYACA S.A. E.S.P.,84950689.81
2024-12-01,EEPC,EMPRESA DE ENERGIA DE PEREIRA S.A. E.S.P.,73268463.45
